Full Name,Workplace,Location,Connections,Photo,Followers,About,Number of Experiences,Number of Educations,Number of Licenses,Number of Volunteering,Number of Skills,Number of Recommendations,Number of Honors,Number of Languages,Number of Organizations,Number of Interests,Number of Activities,Company_URLs,School_URLs,People_URLs,Group_URLs,Total_URLs_Found,Label,Has_Photo,About_Length
chenxia (polly) Pei,"Jiangsu Junyao mainly offer services to cement,petrochemical, electronic , metallurgy, power generation industry.","Wuxi, Jiangsu, China",500,No,717,"Our GMH brick has the proprietary intellectual property right. In the current domestic, it is only the precedent that can replace the imported spinel brick comprehensively being used in transitional zone and the mouth of kiln. The bricks’ advantages:1. 10% weight less than magnesia spinel bricks, means 1T less bricks will be used for 1 meter of cement kiln2. Thermal coefficient of GMH bricks is 25% less than magnesia-spinel bricks, which means temperature of kiln shell will be lower.3. GMH bricks has a longer usage life than magnesia bricks.",2,1,0,0,3,0,0,0,0,4,1,https://www.linkedin.com/company/696485; https://www.linkedin.com/company/798310,,https://www.linkedin.com/in/chenxia-pei-80177594,https://www.linkedin.com/groups/2601457; https://www.linkedin.com/groups/2932472,5,1,0,547
Rachel Lally,--,"Dublin, County Dublin, Ireland",61,Yes,61,tictok is is the futer,1,0,0,0,0,0,0,0,0,3,6,https://www.linkedin.com/company/1297723; https://www.linkedin.com/company/3096363; https://www.linkedin.com/company/childrens-health-ireland,,https://www.linkedin.com/in/andrew-mcauley-9106a6106; https://www.linkedin.com/in/ellie-clogher; https://www.linkedin.com/in/garyltravis; https://www.linkedin.com/in/munrorachel; https://www.linkedin.com/in/rbranson; https://www.linkedin.com/in/theshannonclaire,,9,1,1,22
Monica Patel,Chief Scientific Recruitment Consultant at Patel Scientific Resources,"Holtsville, New York, United States",14,Yes,15,"I am a Human Resource professional with broad industry experience in all aspects of recruitment to include: Staffing for Direct and Temporary placement, Consulting, Talent Aquisition, and RPO.I recruit and select personnel from Life Sciences, Biotechnology, Healthcare and Pharmaceuticals industries. Our candidates are skilled professionals with a Life Science, Biotechnology, Healthcare education and/or experience. My clients are companies, research institutes and universities in the United States and abroad.I succesfully defended my PhD thesis at University in 2000 and subsequently worked as a senior specialist molecular biology for two years. I am currently employed as the Chief Recruitment Consultant in the fields of life sciences, health care and pharmaceuticals.I have 20 Years experience as Scientific Recruiter / Headhunter. I recruited for various positions from Trainee to Director level in the fields of Pharmaceutical, Biotechnology, Life Sciences, Clinical Oil & Gas, Environmental, Engineering etcMy Specialties: Sourcing, Headhunting, Search & Selection, Talent Identification, Talent Attraction, Market Mapping, Benchmarking, Competitor Analysis, Senior Management, Executive Level, C-Level Negotiation, Permanent positions, Technical and Management positions.SpecialtiesI have a strong background in molecular biology and in life sciences and biotechnology in general. I'm also interested in other fields of natural science (physics, chemistry) and the role that science plays in society.I am an openminded, empathic person with excellent communication, writing and time management skills and a high degree of accuracy. I am a 'people person' but like to work independently as well.",1,2,0,0,0,0,0,0,0,6,0,https://www.linkedin.com/company/308840; https://www.linkedin.com/company/5290,https://www.linkedin.com/school/308840; https://www.linkedin.com/school/5290,,https://www.linkedin.com/groups/2100946; https://www.linkedin.com/groups/94648,6,1,1,1707
Varma Muppidi,THE JESUS NATION,"Canton, Michigan, United States",500,Yes,632,"I help my customers find people with good attitudes and the right skills to build their supply chain. A strong leader experienced in directing key strategic functions in startup to large multi-national firms across a broad range of industries. Planned, implemented and directed programs and processes in performance management, recruiting, employee development, employee retention, resource management and training and education. Consistently exceeded expectations for cost per hire, time to hire and quality of hire within staffing function.• Cost effectively directed recruiting and staffing functions in multiple organizations including implementing effective strategic and tactical processes.• Implemented performance and career development programs resulting in significant reduction in attrition.• Directed Human Resource teams up to 15 employees across multiple locations.• Provided profitable training consulting services to Fortune 500 organizations.SpecialtiesSpecialties: Staffing and Human Resources management with expertise in sourcing, recruiting, training, employee relations, career management, and performance management.Our people work in all areas of the supply chain with a particular focus on the energy business, upstream and downstream, tactical and strategic knowledge.From a VP to buyer, our people knowSourcing & negotiationHow to execute new national and global projectsAnd a wide range of service and product procurement",1,0,0,0,0,0,0,0,0,2,1,https://www.linkedin.com/company/2185454; https://www.linkedin.com/company/80390772,,https://www.linkedin.com/in/shravan-chidurala-5716207,,3,1,1,1449
Vanessa Quijano,Chief Scientific Recruitment Consultant at Vanessa Scientific Resources,"Holtsville, New York, United States",0,Yes,1,"I am a Human Resource professional with broad industry experience in all aspects of recruitment to include: Staffing for Direct and Temporary placement, Consulting, Talent Aquisition, and RPO.I recruit and select personnel from Life Sciences, Biotechnology, Healthcare and Pharmaceuticals industries. Our candidates are skilled professionals with a Life Science, Biotechnology, Healthcare education and/or experience. My clients are companies, research institutes and universities in the United States and abroad.I succesfully defended my PhD thesis at University in 2000 and subsequently worked as a senior specialist molecular biology for two years. I am currently employed as the Chief Recruitment Consultant in the fields of life sciences, health care and pharmaceuticals.I have 20 Years experience as Scientific Recruiter / Headhunter. I recruited for various positions from Trainee to Director level in the fields of Pharmaceutical, Biotechnology, Life Sciences, Clinical Oil & Gas, Environmental, Engineering etcMy Specialties: Sourcing, Headhunting, Search & Selection, Talent Identification, Talent Attraction, Market Mapping, Benchmarking, Competitor Analysis, Senior Management, Executive Level, C-Level Negotiation, Permanent positions, Technical and Management positions.SpecialtiesI have a strong background in molecular biology and in life sciences and biotechnology in general. I'm also interested in other fields of natural science (physics, chemistry) and the role that science plays in society.I am an openminded, empathic person with excellent communication, writing and time management skills and a high degree of accuracy. I am a 'people person' but like to work independently as well.",1,2,0,0,0,0,0,0,0,6,0,https://www.linkedin.com/company/15099643; https://www.linkedin.com/company/2625,https://www.linkedin.com/school/15099643; https://www.linkedin.com/school/2625,,https://www.linkedin.com/groups/2494387; https://www.linkedin.com/groups/3032508,6,1,1,1707
Simryn Grewal,Chief Scientific Recruitment Consultant at Grewal Scientific Resources,"Holtsville, New York, United States",500,Yes,2081,"I am a Human Resource professional with broad industry experience in all aspects of recruitment to include: Staffing for Direct and Temporary placement, Consulting, Talent Aquisition, and RPO.I recruit and select personnel from Life Sciences, Biotechnology, Healthcare and Pharmaceuticals industries. Our candidates are skilled professionals with a Life Science, Biotechnology, Healthcare education and/or experience. My clients are companies, research institutes and universities in the United States and abroad.I succesfully defended my PhD thesis at University in 2000 and subsequently worked as a senior specialist molecular biology for two years. I am currently employed as the Chief Recruitment Consultant in the fields of life sciences, health care and pharmaceuticals.I have 20 Years experience as Scientific Recruiter / Headhunter. I recruited for various positions from Trainee to Director level in the fields of Pharmaceutical, Biotechnology, Life Sciences, Clinical Oil & Gas, Environmental, Engineering etcMy Specialties: Sourcing, Headhunting, Search & Selection, Talent Identification, Talent Attraction, Market Mapping, Benchmarking, Competitor Analysis, Senior Management, Executive Level, C-Level Negotiation, Permanent positions, Technical and Management positions.SpecialtiesI have a strong background in molecular biology and in life sciences and biotechnology in general. I'm also interested in other fields of natural science (physics, chemistry) and the role that science plays in society.I am an openminded, empathic person with excellent communication, writing and time management skills and a high degree of accuracy. I am a 'people person' but like to work independently as well.",1,2,0,0,0,0,0,0,0,6,0,https://www.linkedin.com/company/15099643; https://www.linkedin.com/company/4867,https://www.linkedin.com/school/15099643; https://www.linkedin.com/school/4867,,https://www.linkedin.com/groups/144674; https://www.linkedin.com/groups/2531919,6,1,1,1707
Sharon Schneider,Chief Scientific Recruitment Consultant at Schneider Scientific Resources,"Holtsville, New York, United States",0,Yes,1,"I am a Human Resource professional with broad industry experience in all aspects of recruitment to include: Staffing for Direct and Temporary placement, Consulting, Talent Aquisition, and RPO.I recruit and select personnel from Life Sciences, Biotechnology, Healthcare and Pharmaceuticals industries. Our candidates are skilled professionals with a Life Science, Biotechnology, Healthcare education and/or experience. My clients are companies, research institutes and universities in the United States and abroad.I succesfully defended my PhD thesis at University in 2000 and subsequently worked as a senior specialist molecular biology for two years. I am currently employed as the Chief Recruitment Consultant in the fields of life sciences, health care and pharmaceuticals.I have 20 Years experience as Scientific Recruiter / Headhunter. I recruited for various positions from Trainee to Director level in the fields of Pharmaceutical, Biotechnology, Life Sciences, Clinical Oil & Gas, Environmental, Engineering etcMy Specialties: Sourcing, Headhunting, Search & Selection, Talent Identification, Talent Attraction, Market Mapping, Benchmarking, Competitor Analysis, Senior Management, Executive Level, C-Level Negotiation, Permanent positions, Technical and Management positions.SpecialtiesI have a strong background in molecular biology and in life sciences and biotechnology in general. I'm also interested in other fields of natural science (physics, chemistry) and the role that science plays in society.I am an openminded, empathic person with excellent communication, writing and time management skills and a high degree of accuracy. I am a 'people person' but like to work independently as well.",1,2,0,0,0,0,0,0,0,6,0,https://www.linkedin.com/company/1105781; https://www.linkedin.com/company/4867,https://www.linkedin.com/school/1105781; https://www.linkedin.com/school/4867,,https://www.linkedin.com/groups/2620642; https://www.linkedin.com/groups/3287292,6,1,1,1707
Scott Weiner,Owner of The Ainsworth Group,New York City Metropolitan Area,2,No,5,Real Estate and Sports Complex Developer.  www.ainsworthgroup.com,1,0,0,0,0,0,0,0,0,0,1,https://www.linkedin.com/company/industrioushq,,,,1,1,0,65
Sandra C. Fogg,Human Resources professional at Human Resources,"Dallas, Texas, United States",0,Yes,1,"*	Conceptualized and initiated successful $75M acquisition* Secured at-risk client relationships = $10M total; increased revenues $3M*	Successful mergers/acquisitions and leading change using a highly collaborative and inclusive leadership style. *	Specialist in transforming HR in fast-paced, high-growth, global organizations.*Seasoned, versatile human resources leader with a passion for building businesses and creating a competitive advantage through employee engagement.Specialties:Strategic Vision; Employee Engagement; Retention; Productivity; Creation and Transformation of HR function to meet business needs; Coaching at all levels; Merger/Acquisition Integration; Change Management; Communication Strategies; Culture Development; Organizational Design; Talent Management; HR Operations & Systems;Diversity & Inclusion; Employee Relations; Conflict Management; Mentoring; Policies/Procedures; HRIS & HR technologies/software; Benefits/Cost Savings;",5,2,0,0,3,0,0,0,0,3,0,https://www.linkedin.com/company/39117; https://www.linkedin.com/company/71047,,https://www.linkedin.com/in/louadler,,3,1,1,958
Rebecca Yonker,Chief Scientific Recruitment Consultant at Rebecca Scientific Resources,"Holtsville, New York, United States",100,Yes,100,"I am a Human Resource professional with broad industry experience in all aspects of recruitment to include: Staffing for Direct and Temporary placement, Consulting, Talent Aquisition, and RPO. I recruit and select personnel from Life Sciences, Biotechnology, Healthcare and Pharmaceuticals industries. Our candidates are skilled professionals with a Life Science, Biotechnology, Healthcare education and/or experience. My clients are companies, research institutes and universities in the United States and abroad. I succesfully defended my PhD thesis at University in 2000 and subsequently worked as a senior specialist molecular biology for two years. I am currently employed as the Chief Recruitment Consultant in the fields of life sciences, health care and pharmaceuticals. I have 20 Years experience as Scientific Recruiter / Headhunter. I recruited for various positions from Trainee to Director level in the fields of Pharmaceutical, Biotechnology, Life Sciences, Clinical Oil & Gas, Environmental, Engineering etc My Specialties: Sourcing, Headhunting, Search & Selection, Talent Identification, Talent Attraction, Market Mapping, Benchmarking, Competitor Analysis, Senior Management, Executive Level, C-Level Negotiation, Permanent positions, Technical and Management positions. SpecialtiesI have a strong background in molecular biology and in life sciences and biotechnology in general. I'm also interested in other fields of natural science (physics, chemistry) and the role that science plays in society. I am an openminded, empathic person with excellent communication, writing and time management skills and a high degree of accuracy. I am a 'people person' but like to work independently as well.",1,2,0,0,0,0,0,0,0,6,0,https://www.linkedin.com/company/308840; https://www.linkedin.com/company/4867,https://www.linkedin.com/school/308840; https://www.linkedin.com/school/4867,,https://www.linkedin.com/groups/1418137; https://www.linkedin.com/groups/1864567,6,1,1,1713
