company_name,url,source
Trina Solar,https://www.linkedin.com/company/696485,Interests
ReneSola Ltd.,https://www.linkedin.com/company/798310,Interests
Children’s Health Ireland (CHI),https://www.linkedin.com/company/1297723,Interests
TU Dublin Students' Union,https://www.linkedin.com/company/3096363,Interests
"The School of Pharmacy, University of London",https://www.linkedin.com/company/308840,Interests
The Wharton School,https://www.linkedin.com/company/5290,Interests
SBS CORP,https://www.linkedin.com/company/2185454,Interests
Talent 2 Employer,https://www.linkedin.com/company/80390772,Interests
Albany College of Pharmacy and Health Sciences,https://www.linkedin.com/company/15099643,Interests
Columbia Business School,https://www.linkedin.com/company/2625,Interests
